Workbook

Sheet 📖 How to Use
B1: How to Use This Job Search Tracker
B3: This workbook helps you track job applications from first apply through offer. It's a starting point, not a rulebook — rename sheets, add or remove columns, and change anything that doesn't fit how you work.
B5: Start here
B6: 1. Go to the '📋 All Applications' tab and add one row per application. This is the sheet you'll use most.
B7: 2. Keep the 'Status' column (column J) up to date as each application moves along. The Dashboard and Stats tabs read from it automatically.
B8: 3. Use the other tabs as needed — they're optional lists for planning and research.
B10: The tabs, and what each is for
B11: 📊 Dashboard — An at-a-glance summary: how many applications sit at each stage, your total, how many are still active, and your response rate. It updates itself.
B12: 📋 All Applications — Your main log. One row per application, with a column for each interview stage plus status, notes, and the job link.
B13: 💰 Salary Comparison — Put offers or postings side by side: pay range, work model (remote/hybrid/in-office), benefits, and training budget.
B14: 📈 Stats — The application funnel: how many applications reached each stage, and each stage as a share of total applied. This feeds the Dashboard.
B15: Companies contacted — A light contact log: who you reached out to, when, and whether they replied.
... B33: The moment you start filling this in, it holds real details about your search — companies, contacts, and pay. If you share or fork your copy, that information goes with it. Keep your working copy private and share only a blank template.

Sheet 📊 Dashboard
A1: JOB SEARCH TRACKER
C3: Updated: | D3: =TODAY() -> 46248
A4: PIPELINE SUMMARY
A5: Applied | B5: Phone Screen | C5: 1st Interview | D5: 2nd Interview | E5: 3rd Interview | F5: 4th Interview | G5: Ghosted | H5: Offer | I5: Rejected
A6: ='📈 Stats'!B3 -> 0 | B6: ='📈 Stats'!B4 -> 1 | C6: ='📈 Stats'!B5 -> 0 | D6: ='📈 Stats'!B6 -> 0 | E6: ='📈 Stats'!B7 -> 0 | F6: ='📈 Stats'!B8 -> 0 | G6: ='📈 Stats'!B9 -> 0 | H6: ='📈 Stats'!B10 -> 0 | I6: ='📈 Stats'!B12 -> 0
A7: Total Applications: | B7: ='📈 Stats'!B13 -> 1
A8: Active (not rejected): | B8: =SUM('📈 Stats'!B3:B7) -> 1
A9: Response Rate: | B9: =IFERROR((B6+C6+D6+E6)/A6,0) -> 0
A11: ACTIVE PIPELINE (Phone Screen or Later, Not Rejected)
A12: Company / Role | B12: Phone Screen | C12: 1st Interview | D12: 2nd Interview | E12: 3nd Interview | F12: 4nd Interview | G12: Notes | H12: Status | I12: Notes

Sheet 📋 All Applications
A1: Company / Role | B1: Role | C1: Date Applied | D1: Email Confirmed | E1: Phone Screen | F1: 1st Interview | G1: 2nd Interview | H1: 3rd Interview | I1: Offer | J1: Status | K1: Notes | L1: Job Link
A2: Acme Corp | B2: Security Engineer | C2: 2026-01-15 | D2: yes | E2: yes | F2: no | G2: no | H2: no | I2: no | J2: Phone Screen | K2: Recruiter reached out via LinkedIn | L2: https://example.com/jobs/123

Sheet 💰 Salary Comparison
A1: SALARY & WORK MODEL COMPARISON
A2: Company / Role | B2: Salary Low | C2: Salary High | D2: Salary Midpoint | E2: Remote | F2: Hybrid | G2: In Office | H2: Employee satisfaction | I2: Benefits | J2: Training budget
A3: Acme Corp — Security Engineer | B3: 120000 | C3: 160000 | D3: =AVERAGE(B3:C3) -> 140000 | E3: yes | H3: Glassdoor 4.1 | I3: Full health + 401k | J3: $2,000/yr
A7: AVERAGES | B7: =AVERAGE(B3:B6) -> 120000 | C7: =AVERAGE(C3:C6) -> 160000

Sheet 📈 Stats
A1: APPLICATION FUNNEL STATISTICS
A2: Stage | B2: Count | C2: % of Applied
A3: Applied | B3: =COUNTIF('📋 All Applications'!J:J,A3) -> 0 | C3: =IFERROR(B3/B13,0) -> 0
A4: Phone Screen | B4: =COUNTIF('📋 All Applications'!J:J,A4) -> 1 | C4: =IFERROR(B4/B13,0) -> 1
A5: 1st Interview | B5: =COUNTIF('📋 All Applications'!J:J,A5) -> 0 | C5: =IFERROR(B5/B13,0) -> 0
A6: 2nd Interview | B6: =COUNTIF('📋 All Applications'!J:J,A6) -> 0 | C6: =IFERROR(B6/B13,0) -> 0
A7: 3rd Interview | B7: =COUNTIF('📋 All Applications'!J:J,A7) -> 0 | C7: =IFERROR(B7/B13,0) -> 0
A8: 4th Interview | B8: =COUNTIF('📋 All Applications'!J:J,A8) -> 0 | C8: =IFERROR(B8/B13,0) -> 0
A9: Ghosted | B9: =COUNTIF('📋 All Applications'!J:J,A9) -> 0 | C9: =IFERROR(B9/B13,0) -> 0
A10: Offer | B10: =COUNTIF('📋 All Applications'!J:J,A10) -> 0 | C10: =IFERROR(B10/B13,0) -> 0
A11: Cancelled | B11: =COUNTIF('📋 All Applications'!J:J,A11) -> 0 | C11: =IFERROR(B11/B13,0) -> 0
A12: Rejected | B12: =COUNTIF('📋 All Applications'!J:J,A12) -> 0 | C12: =IFERROR(B12/B13,0) -> 0
A13: TOTAL | B13: =SUM(B3:B12) -> 1 | C13: 100%

Sheet Companies contacted
A1: Company | B1: Position applied for | C1: Name | D1: Position | E1: Date messaged | F1: Message sent | G1: Actually replied
A2: Acme Corp | B2: Security Engineer | C2: Jane Doe | D2: Recruiter | E2: 2026-01-14 | F2: yes | G2: no

Sheet Apply to these
A1: Company | B1: Position | C1: Link
A2: Acme Corp | B2: Security Engineer | C2: https://example.com/jobs/123

Sheet Goal companies
A1: # | B1: Company | C1: Career Site | D1: Notes | E1: My tracking notes | F1: Verdict
A2: 1 | B2: Acme Corp | C2: https://example.com/careers | D2: Why this company appeals to you | E2: Your own tracking notes | F2: Interested

Sheet Target list 1
A1: # | B1: Company | C1: Role | D1: Comp / Location | E1: Notes | F1: My notes
A2: 1 | B2: Acme Corp | C2: Security Engineer | D2: $120K–$160K, Remote | E2: Why this role fits | F2: Your own notes

Sheet Target list 2
A1: # | B1: Company | C1: Role | D1: Comp / Location | E1: Notes
A2: 1 | B2: Acme Corp | C2: Security Engineer | D2: $120K–$160K | E2: Why this role fits

Sheet Series B
A1: Priority | B1: Company | C1: Round / Date | D1: Lead Investors | E1: HQ | F1: What They Do | G1: Remote Posture | H1: Fit Assessment | I1: Notes / Angle | J1: Status | K1: Notes
A2: Tier 1 | B2: Acme Corp | C2: $40M Series B — 2026 | D2: Example Ventures | E2: Remote | F2: What the company does | G2: 100% remote | H2: Why it fits | I2: Your angle / notes | J2: Not yet applied
